author_id,author_name
1,Guest Post links
2,Anjali Devri
3, Richard Conard
4,Sam Subramanian
5,Steve Selengut
6,Michael Challiner
7,Rick Russel
8,Soroush Hosseinzadeh
9,Edmund Brunetti
10,MNM
11,Karen Sessions
12,Edwin Hall
13,Esha Zohal
14,susancastro
15,Stephanie Foster
16,LINDA DECANN
17,Cucan Pemo
18,TNT Dental
19,OLEG KOBETS
20,Antonio Bonito
21,Frances Seth
22,Mick Jones
23,Kok swee onn
24,Sonia Devine
25,Sharron Myers
26,Daniel Sitter
27,NIKUNJ VERMA
28,DONNIE LEWIS
29,Kathy Paauw
30,Gaurav Bansalss
31,Dr. Nathaniel Branden
32,Indranil Roy
33,Sam Miller
34,Alvin Apple
35,Massomeh Indanan
36,Malaika yasir
37,Madhavankovai
38,KanikaAhuja
39,Satya K Vivek
40,Admin Teriwall
41,shifu zhang
42,Arpan Chatterjee
43,Allen Brown
44,Smart Guys
45,J Q
46,Kaleb Wiedlebacher
47,Kairam Ravi Kumar
48,Laitkor Infosolutions
49,Roger Thomas
50,Mike Zulfi
51,Qazafi Wali Muhammad
52,Brijesh Prajapati
53,omkar619
54,Vasim NYE
55,Nishtha Sharma
56,Damian Bourne
57,Ashwak Sarhan
58,ShellyM
59,Jose Valdez
60,Ram Sewak
61,David Gau-Ghan
62,Vijay Kumar
63,Janno Lassen
64,Jack Prime
65,John Edward
66,Paul Wilson
67,Zigfred Diaz
68,TechGlobeX
69,Arjun OutreachDeal
70,Ida Home
71,Thomas Champeval
72,Jane Scaplen
73,Saurabh Tiwari
74,James Kenny
75,manojrupareliya
76,K. Miller
